{
	"IcoMoonType": "selection",
	"icons": [
		{
			"icon": {
				"paths": [
					"M512 910.933l-61.867-56.107c-219.733-199.467-364.8-331.093-364.8-492.16 0-131.627 103.040-234.667 234.667-234.667 74.24 0 145.493 34.56 192 88.96 46.507-54.4 117.76-88.96 192-88.96 131.627 0 234.667 103.040 234.667 234.667 0 161.067-145.067 292.693-364.8 492.16l-61.867 56.107z"
				],
				"attrs": [],
				"tags": [
					"favorite"
				],
				"grid": 24
			},
			"attrs": [],
			"properties": {
				"id": 42,
				"order": 7,
				"prevSize": 24,
				"code": 58882,
				"name": "favorite"
			},
			"setIdx": 0,
			"iconIdx": 42
		},
		{
			"icon": {
				"paths": [
					"M426.667 853.333v-256h170.667v256h213.333v-341.333h128l-426.667-384-426.667 384h128v341.333z"
				],
				"attrs": [],
				"tags": [
					"home"
				],
				"grid": 24
			},
			"attrs": [],
			"properties": {
				"id": 54,
				"order": 4,
				"prevSize": 24,
				"code": 58883,
				"name": "home"
			},
			"setIdx": 0,
			"iconIdx": 54
		},
		{
			"icon": {
				"paths": [
					"M810.667 128h-597.333c-47.147 0-85.333 38.187-85.333 85.333v597.333c0 47.147 38.187 85.333 85.333 85.333h597.333c47.147 0 85.333-38.187 85.333-85.333v-597.333c0-47.147-38.187-85.333-85.333-85.333zM384 725.333h-85.333v-298.667h85.333v298.667zM554.667 725.333h-85.333v-426.667h85.333v426.667zM725.333 725.333h-85.333v-170.667h85.333v170.667z"
				],
				"attrs": [],
				"tags": [
					"insert-chart"
				],
				"grid": 24
			},
			"attrs": [],
			"properties": {
				"id": 410,
				"order": 6,
				"prevSize": 24,
				"code": 58884,
				"name": "insert-chart"
			},
			"setIdx": 0,
			"iconIdx": 410
		},
		{
			"icon": {
				"paths": [
					"M345.6 569.387l120.747-120.747-299.307-299.307c-66.56 66.56-66.56 174.72 0 241.28l178.56 178.773zM635.093 491.947c65.067 30.507 157.013 8.96 224.853-58.88 81.707-81.707 97.28-198.4 34.773-260.907-62.72-62.507-179.627-46.933-261.12 34.773-67.84 67.84-89.173 159.787-58.88 224.853-94.933 94.72-416.64 416.427-416.64 416.427l60.373 60.373 293.547-293.547 293.547 293.547 60.373-60.373-293.547-293.547 62.72-62.72z"
				],
				"attrs": [],
				"tags": [
					"restaurant-menu"
				],
				"grid": 24
			},
			"attrs": [],
			"properties": {
				"id": 666,
				"order": 5,
				"prevSize": 24,
				"code": 58885,
				"name": "restaurant-menu"
			},
			"setIdx": 0,
			"iconIdx": 666
		},
		{
			"icon": {
				"paths": [
					"M512 512c94.293 0 170.667-76.587 170.667-170.667 0-94.293-76.373-170.667-170.667-170.667s-170.667 76.373-170.667 170.667c0 94.080 76.373 170.667 170.667 170.667zM512 597.333c-113.707 0-341.333 56.96-341.333 170.667v85.333h682.667v-85.333c0-113.707-227.627-170.667-341.333-170.667z"
				],
				"attrs": [
					{
						"opacity": 1,
						"visibility": false
					}
				],
				"grid": 24
			},
			"attrs": [
				{
					"opacity": 1,
					"visibility": false
				}
			],
			"properties": {
				"order": 3,
				"id": 0,
				"prevSize": 24,
				"name": "untitled",
				"code": 58886
			},
			"setIdx": 1,
			"iconIdx": 0
		},
		{
			"icon": {
				"paths": [
					"M575.87 1024h-191.87v-512h-128v-176.45l128-0.058-0.208-103.952c0-143.952 39.034-231.54 208.598-231.54h141.176v176.484h-88.23c-66.032 0-69.206 24.656-69.206 70.684l-0.262 88.324h158.69l-18.704 176.45-139.854 0.058-0.13 512z"
				],
				"attrs": [
					{
						"opacity": 1,
						"visibility": false
					}
				],
				"grid": 16
			},
			"attrs": [
				{
					"opacity": 1,
					"visibility": false
				}
			],
			"properties": {
				"order": 1,
				"id": 1,
				"prevSize": 32,
				"code": 58881,
				"name": "uniE601",
				"ligatures": ""
			},
			"setIdx": 2,
			"iconIdx": 0
		},
		{
			"icon": {
				"paths": [
					"M1024 194.418c-37.676 16.708-78.164 28.002-120.66 33.080 43.372-26 76.686-67.17 92.372-116.23-40.596 24.078-85.556 41.56-133.41 50.98-38.32-40.83-92.922-66.34-153.346-66.34-116.022 0-210.088 94.058-210.088 210.078 0 16.466 1.858 32.5 5.44 47.878-174.6-8.764-329.402-92.4-433.018-219.506-18.084 31.028-28.446 67.116-28.446 105.618 0 72.888 37.088 137.192 93.46 174.866-34.438-1.092-66.832-10.542-95.154-26.278-0.020 0.876-0.020 1.756-0.020 2.642 0 101.788 72.418 186.696 168.522 206-17.626 4.8-36.188 7.372-55.348 7.372-13.538 0-26.698-1.32-39.528-3.772 26.736 83.46 104.32 144.206 196.252 145.896-71.9 56.35-162.486 89.934-260.916 89.934-16.958 0-33.68-0.994-50.116-2.94 92.972 59.61 203.402 94.394 322.042 94.394 386.422 0 597.736-320.124 597.736-597.744 0-9.108-0.206-18.168-0.61-27.18 41.056-29.62 76.672-66.62 104.836-108.748z"
				],
				"attrs": [
					{
						"opacity": 1,
						"visibility": false
					}
				],
				"grid": 16
			},
			"attrs": [
				{
					"opacity": 1,
					"visibility": false
				}
			],
			"properties": {
				"order": 2,
				"id": 0,
				"prevSize": 32,
				"code": 58880,
				"name": "uniE600",
				"ligatures": ""
			},
			"setIdx": 2,
			"iconIdx": 1
		}
	],
	"height": 1024,
	"metadata": {
		"name": "icomoon"
	},
	"preferences": {
		"showGlyphs": true,
		"showQuickUse": true,
		"showQuickUse2": true,
		"showSVGs": true,
		"fontPref": {
			"prefix": "icon-",
			"metadata": {
				"fontFamily": "icomoon"
			},
			"metrics": {
				"emSize": 1024,
				"baseline": 6.25,
				"whitespace": 50
			}
		},
		"imagePref": {
			"prefix": "icon-",
			"png": true,
			"useClassSelector": true,
			"classSelector": ".icon",
			"height": 32,
			"columns": 16,
			"margin": 16,
			"color": 0
		},
		"historySize": 100,
		"showCodes": true,
		"search": ""
	}
}